{
  "openapi": "3.0.2",
  "info": {
    "title": "API для работы с VK API",
    "version": "0.1.0"
  },
  "paths": {
    "/groups/list/{user_id}": {
      "get": {
        "summary": "Groups",
        "description": "Получение когда-либо найденных групп из базы данных",
        "operationId": "groups_groups_list__user_id__get",
        "parameters": [
          {
            "required": true,
            "schema": {
              "title": "User Id",
              "type": "integer"
            },
            "name": "user_id",
            "in": "path"
          }
        ],
        "responses": {
          "200": {
            "description": "Successful Response",
            "content": {
              "application/json": {
                "schema": {}
              }
            }
          },
          "422": {
            "description": "Validation Error",
            "content": {
              "application/json": {
                "schema": {
                  "$ref": "#/components/schemas/HTTPValidationError"
                }
              }
            }
          }
        }
      }
    },
    "/groups/friends/{user_id}": {
      "get": {
        "summary": "Friends Groups",
        "description": "Поиск групп (сообществ) по подстроке и (одновременно) в которые входит пользователь или его друзья",
        "operationId": "friends_groups_groups_friends__user_id__get",
        "parameters": [
          {
            "required": true,
            "schema": {
              "title": "User Id",
              "type": "integer"
            },
            "name": "user_id",
            "in": "path"
          },
          {
            "required": true,
            "schema": {
              "title": "Query",
              "type": "string"
            },
            "name": "query",
            "in": "query"
          },
          {
            "required": false,
            "schema": {
              "title": "Skip",
              "type": "integer",
              "default": 0
            },
            "name": "skip",
            "in": "query"
          },
          {
            "required": false,
            "schema": {
              "title": "Limit",
              "type": "integer",
              "default": 10
            },
            "name": "limit",
            "in": "query"
          }
        ],
        "responses": {
          "200": {
            "description": "Successful Response",
            "content": {
              "application/json": {
                "schema": {}
              }
            }
          },
          "422": {
            "description": "Validation Error",
            "content": {
              "application/json": {
                "schema": {
                  "$ref": "#/components/schemas/HTTPValidationError"
                }
              }
            }
          }
        }
      }
    },
    "/groups/{user_id}": {
      "get": {
        "summary": "Groups",
        "description": "Поиск групп (сообществ) по подстроке в которые входит пользователь",
        "operationId": "groups_groups__user_id__get",
        "parameters": [
          {
            "required": true,
            "schema": {
              "title": "User Id",
              "type": "integer"
            },
            "name": "user_id",
            "in": "path"
          },
          {
            "required": true,
            "schema": {
              "title": "Query",
              "type": "string"
            },
            "name": "query",
            "in": "query"
          },
          {
            "required": false,
            "schema": {
              "title": "Skip",
              "type": "integer",
              "default": 0
            },
            "name": "skip",
            "in": "query"
          },
          {
            "required": false,
            "schema": {
              "title": "Limit",
              "type": "integer",
              "default": 10
            },
            "name": "limit",
            "in": "query"
          }
        ],
        "responses": {
          "200": {
            "description": "Successful Response",
            "content": {
              "application/json": {
                "schema": {}
              }
            }
          },
          "422": {
            "description": "Validation Error",
            "content": {
              "application/json": {
                "schema": {
                  "$ref": "#/components/schemas/HTTPValidationError"
                }
              }
            }
          }
        }
      }
    }
  },
  "components": {
    "schemas": {
      "HTTPValidationError": {
        "title": "HTTPValidationError",
        "type": "object",
        "properties": {
          "detail": {
            "title": "Detail",
            "type": "array",
            "items": {
              "$ref": "#/components/schemas/ValidationError"
            }
          }
        }
      },
      "ValidationError": {
        "title": "ValidationError",
        "required": [
          "loc",
          "msg",
          "type"
        ],
        "type": "object",
        "properties": {
          "loc": {
            "title": "Location",
            "type": "array",
            "items": {
              "anyOf": [
                {
                  "type": "string"
                },
                {
                  "type": "integer"
                }
              ]
            }
          },
          "msg": {
            "title": "Message",
            "type": "string"
          },
          "type": {
            "title": "Error Type",
            "type": "string"
          }
        }
      }
    }
  }
}